"name","num","m1","m1time","lp1","lp1time","l1","l1time","l2","l2time","lc1","lc1time","lc2","lc2time","lc3","lc3time","m2","m2time","m3","m3time","rcmax","rcmaxtime"
"heskia",1,20.8883,0.00862694,83.6148,4.29153e-05,83.5486,3.40939e-05,81,0.000442028,78,3.8147e-06,56,3.09944e-06,1,4.05312e-06,89.4363,0.00248814,90.0175,0.0041461,83.5531,0.000340939
"heskia",2,16.3817,0.00853491,68.3977,3.60012e-05,65.5266,2.28882e-05,68,0.000459909,60,5.00679e-06,60,2.86102e-06,59,4.05312e-06,67.9828,0.00378895,86.8339,0.00632715,65.5266,0.000380039
"heskia",3,22.5232,0.00693989,91.0582,4.00543e-05,89.9095,2.59876e-05,90,0.000473976,84,4.05312e-06,65,2.86102e-06,1,4.05312e-06,93.0147,0.00238895,96.2397,0.00553489,90.093,0.000355959
"heskia",4,21.8436,0.00492597,87.375,4.79221e-05,87.3746,3.60012e-05,83,0.000479937,75,5.96046e-06,66,4.05312e-06,1,4.05312e-06,91.1739,0.00257707,95.8038,0.00424194,87.3746,0.000439167
"heskia",5,17.0082,0.00795889,69.3645,3.38554e-05,68.0066,2.28882e-05,69,0.000447989,60,5.00679e-06,53,3.09944e-06,60,5.00679e-06,71.6666,0.00232005,79.7565,0.00575995,68.0327,0.000396013
"heskia",6,19.6548,0.00617909,78.9601,5.38826e-05,78.6191,3.8147e-05,80,0.000746965,72,8.10623e-06,67,5.00679e-06,1,5.00679e-06,84.3408,0.00426507,91.6502,0.00644803,78.6191,0.000594854
"heskia",7,24.0044,0.00560594,98.4541,3.69549e-05,96.0177,2.28882e-05,100,0.00050807,93,4.05312e-06,93,3.09944e-06,1,4.05312e-06,102.375,0.00264192,106.601,0.00398397,96.0177,0.000426769
"heskia",8,17.6734,0.00961494,70.6937,3.71933e-05,70.6936,2.88486e-05,70,0.000406027,66,5.00679e-06,50,3.09944e-06,1,3.09944e-06,77.2416,0.00240397,81.1028,0.00662208,70.6936,0.0003829
"heskia",9,19.5392,0.00465798,78.1651,4.41074e-05,78.1415,3.09944e-05,78,0.000475883,70,5.00679e-06,51,2.86102e-06,1,4.05312e-06,82.521,0.0028739,85.8152,0.00458217,78.157,0.000377178
"heskia",10,24.8555,0.00490403,99.3634,4.19617e-05,99.363,2.59876e-05,107,0.000586987,104,3.8147e-06,104,3.8147e-06,1,3.8147e-06,112.547,0.00272012,123.686,0.00408101,99.4221,0.000380039
"heskia",11,30.4297,0.00789022,123.604,4.60148e-05,121.564,2.59876e-05,120,0.000619888,112,4.05312e-06,97,3.09944e-06,1,4.05312e-06,132.299,0.00275922,144.906,0.00391006,121.719,0.000363827
"heskia",12,19.3755,0.00551701,77.575,4.1008e-05,77.502,3.19481e-05,79,0.000446796,73,5.00679e-06,61,3.09944e-06,1,4.05312e-06,84.0654,0.0027411,92.3507,0.00424194,77.502,0.000383139
"heskia",13,22.0746,0.009552,90.4658,0.000108957,88.2985,2.47955e-05,96,0.000471115,93,4.05312e-06,93,3.09944e-06,1,4.05312e-06,95.8443,0.00393605,98.554,0.00371599,88.2985,0.000430107
"heskia",14,17.3314,0.005795,70.7257,3.40939e-05,69.2982,2.59876e-05,73,0.000437975,66,4.05312e-06,51,3.09944e-06,1,4.05312e-06,77.2763,0.00233293,88.3948,0.00368714,69.3258,0.000349998
"heskia",15,26.4366,0.0101261,107.606,4.00543e-05,105.691,2.40803e-05,110,0.000506878,101,4.05312e-06,77,3.09944e-06,1,4.05312e-06,110.705,0.00247407,115.795,0.00487399,105.746,0.000319004
"heskia",16,22.7729,0.00927806,94.4727,3.79086e-05,90.7676,2.31266e-05,90,0.000526905,84,4.05312e-06,79,3.09944e-06,1,4.05312e-06,96.4653,0.00231409,102.943,0.00401711,91.0918,0.000411034
"heskia",17,29.588,0.00711489,121.378,4.19617e-05,118.352,2.59876e-05,123,0.000535011,111,5.00679e-06,89,4.05312e-06,1,4.05312e-06,126.035,0.00232792,140.164,0.00402904,118.352,0.000422955
"heskia",18,23.7212,0.00581908,97.6626,4.60148e-05,94.8414,2.90871e-05,96,0.000526905,82,5.00679e-06,58,4.05312e-06,1,3.09944e-06,101.406,0.00190687,111.462,0.00329399,94.8847,0.000344992
"heskia",19,21.1977,0.00525594,86.5745,3.29018e-05,84.7908,2.40803e-05,82,0.00047493,77,5.96046e-06,71,3.09944e-06,1,3.09944e-06,89.782,0.00221086,92.598,0.00375605,84.7908,0.000380039
"heskia",20,22.7311,0.00423408,91.3851,4.69685e-05,90.9246,3.60012e-05,91,0.00048995,82,4.76837e-06,60,2.86102e-06,1,4.05312e-06,99.9993,0.00205994,109.228,0.00458193,90.9246,0.000339985
"heskia",21,38.7481,0.00823498,156.857,5.19753e-05,154.992,2.88486e-05,162,0.000690937,147,5.96046e-06,115,3.09944e-06,1,4.05312e-06,169.835,0.00260091,178.072,0.00441599,154.992,0.000396013
"heskia",22,31.2765,0.00619578,129.744,4.19617e-05,125.106,2.31266e-05,128,0.000545979,121,5.96046e-06,96,2.86102e-06,1,4.05312e-06,129.075,0.0025208,135.875,0.00400996,125.106,0.000415087
"heskia",23,38.4491,0.0102959,155.179,5.6982e-05,153.797,3.00407e-05,155,0.000672102,137,4.05312e-06,110,4.05312e-06,1,3.09944e-06,163.567,0.00217295,173.901,0.00350809,153.797,0.000366211
"heskia",24,33.151,0.00739193,134.645,6.10352e-05,132.604,3.38554e-05,135,0.000673056,126,3.8147e-06,101,4.05312e-06,126,5.00679e-06,141.269,0.00265288,164.53,0.00433111,132.604,0.000383139
"heskia",25,27.9279,0.00591779,112.892,4.60148e-05,111.711,2.81334e-05,112,0.000568867,109,4.05312e-06,71,4.05312e-06,1,5.00679e-06,118.961,0.00291419,128.047,0.00505114,111.711,0.000385046
"heskia",26,40.1513,0.00546408,161.722,6.10352e-05,160.605,3.19481e-05,155,0.000705004,149,4.05312e-06,108,3.09944e-06,1,4.05312e-06,165.774,0.00227499,174.319,0.00392509,160.605,0.000351906
"heskia",27,29.1813,0.00960016,118.623,4.19617e-05,116.725,2.28882e-05,119,0.000590086,116,4.05312e-06,97,3.09944e-06,1,4.05312e-06,129.346,0.00295091,134.624,0.00427699,116.725,0.000384808
"heskia",28,42.3758,0.0100889,170.379,7.79629e-05,169.503,4.91142e-05,169,0.00113702,162,5.00679e-06,105,4.05312e-06,1,4.76837e-06,175.608,0.00429392,185.41,0.00529385,169.503,0.000542879
"heskia",29,31.7102,0.00796986,127.742,6.38962e-05,126.841,4.22001e-05,127,0.000662804,114,3.8147e-06,108,4.05312e-06,1,3.8147e-06,133.875,0.00392699,145.762,0.00514412,126.841,0.000448942
"heskia",30,35.8312,0.00443411,144.953,4.60148e-05,143.12,2.40803e-05,146,0.000601053,140,5.00679e-06,108,3.09944e-06,1,4.05312e-06,144.483,0.00202084,150.641,0.00370693,143.325,0.000379086
"heskia",31,41.5519,0.00785017,173.978,5.91278e-05,166.208,2.5034e-05,175,0.000821829,162,4.05312e-06,113,3.8147e-06,1,4.05312e-06,180.189,0.00290513,194.051,0.00549793,166.208,0.000408888
"heskia",32,30.1547,0.010041,121.554,4.1008e-05,120.619,2.19345e-05,122,0.00059104,119,5.00679e-06,94,4.05312e-06,1,4.05312e-06,128.395,0.00258303,133.103,0.002877,120.619,0.000324965
"heskia",33,46.513,0.00945497,186.685,6.10352e-05,186.052,3.00407e-05,183,0.000781059,175,5.00679e-06,126,4.05312e-06,1,4.05312e-06,194.057,0.00234294,197.125,0.00336909,186.052,0.000374079
"heskia",34,28.0906,0.00577307,113.229,8.2016e-05,112.363,6.00815e-05,112,0.0129139,108,9.05991e-06,108,4.05312e-06,1,5.00679e-06,115.026,0.00422716,122.621,0.00972414,112.363,0.000727892
"heskia",35,32.4278,0.00582504,130.244,5.19753e-05,129.674,2.7895e-05,131,0.000749111,124,5.96046e-06,108,4.05312e-06,1,4.05312e-06,144.142,0.00241399,161.279,0.00463295,129.711,0.000359058
"heskia",36,37.902,0.00851917,153.793,7.79629e-05,151.608,3.91006e-05,151,0.00111294,151,1.00136e-05,107,5.00679e-06,1,5.00679e-06,159.775,0.0043819,170.694,0.016036,151.608,0.000707865
"heskia",37,42.2005,0.00502801,169.574,9.29832e-05,168.802,5.19753e-05,164,0.00114298,152,7.86781e-06,112,5.00679e-06,1,5.00679e-06,173.465,0.00394511,175.953,0.00498819,168.802,0.000643969
"heskia",38,31.1095,0.00689793,125.63,7.9155e-05,124.438,5.4121e-05,123,0.000972033,118,9.05991e-06,83,5.00679e-06,1,5.00679e-06,137.972,0.00394797,144.367,0.00507808,124.438,0.000658035
"heskia",39,29.8146,0.00558996,119.868,4.60148e-05,119.259,2.71797e-05,122,0.000633001,115,5.96046e-06,107,2.86102e-06,1,4.05312e-06,131.489,0.00349092,148.343,0.00576019,119.259,0.000411987
"heskia",40,28.6792,0.00626588,115.224,5.50747e-05,114.717,3.38554e-05,115,0.000615835,110,5.00679e-06,77,2.86102e-06,1,4.05312e-06,129.526,0.002671,144.059,0.00453615,114.717,0.000351191
"heskia",41,3.98814,0.0268869,28.466,6.19888e-05,27.878,5.91278e-05,29,0.000336885,26,6.91414e-06,26,3.09944e-06,1,4.05312e-06,29.1754,0.0309391,30.3353,0.0222788,27.917,0.000669956
"heskia",42,4.23823,0.0201042,30.4325,4.1008e-05,29.1951,3.40939e-05,34,0.000358105,34,6.91414e-06,34,2.86102e-06,28,3.8147e-06,32.5274,0.0360608,34.3068,0.0160551,29.6676,0.000827789
"heskia",43,3.28558,0.0234041,24.3896,6.00815e-05,22.9827,5.22137e-05,27,0.000349045,20,5.00679e-06,20,3.09944e-06,1,4.05312e-06,23.6736,0.0265028,29.3473,0.019444,22.9991,0.000628948
"heskia",44,3.82238,0.027715,27.595,4.81606e-05,26.717,4.41074e-05,28,0.000334978,24,6.91414e-06,21,3.8147e-06,24,5.00679e-06,27.1681,0.0396969,27.2906,0.0204539,26.7567,0.000738859
"heskia",45,3.93577,0.0308599,28.7578,6.60419e-05,27.4832,6.19888e-05,29,0.000371933,23,6.91414e-06,21,3.8147e-06,23,4.05312e-06,28.3126,0.0237539,31.4569,0.021503,27.5504,0.000907183
"heskia",46,3.30438,0.0328989,23.469,5.81741e-05,23.0973,5.91278e-05,26,0.000315905,24,5.96046e-06,24,4.05312e-06,21,4.05312e-06,23.7312,0.020813,25.0004,0.022171,23.1306,0.000741959
"heskia",47,3.18389,0.031503,22.5865,4.69685e-05,22.2871,4.48227e-05,23,0.000272989,20,5.00679e-06,19,3.09944e-06,1,4.05312e-06,22.4008,0.0201769,22.4286,0.018672,22.2873,0.000733852
"heskia",48,4.90455,0.0288689,36.3496,5.81741e-05,34.2931,5.19753e-05,40,0.000368118,40,5.00679e-06,40,3.8147e-06,29,3.8147e-06,34.8855,0.0272841,37.0545,0.021724,34.3319,0.000818968
"heskia",49,4.02332,0.031935,29.7666,6.60419e-05,27.9358,5.98431e-05,30,0.000412941,30,5.96046e-06,30,3.09944e-06,1,4.05312e-06,28.8022,0.016113,31.7005,0.015022,28.1632,0.000635147
"heskia",50,3.50944,0.0377269,26.3403,9.17912e-05,24.4103,8.67844e-05,28,0.000509977,21,1.19209e-05,18,5.00679e-06,21,5.96046e-06,25.5085,0.0327899,28.4636,0.02581,24.5661,0.00118709
"heskia",51,5.07372,0.0244248,39.9911,6.19888e-05,34.9895,5.60284e-05,42,0.000415087,30,7.86781e-06,25,4.05312e-06,1,4.05312e-06,36.3139,0.0139942,38.4402,0.0163381,35.516,0.000738144
"heskia",52,4.87019,0.0265,34.6242,5.79357e-05,34.0567,5.31673e-05,37,0.000383854,33,5.00679e-06,33,3.8147e-06,1,3.8147e-06,35.5086,0.017586,38.8439,0.013231,34.0913,0.000617981
"heskia",53,5.48474,0.0232649,41.6796,6.98566e-05,38.3693,6.07967e-05,44,0.000378847,37,7.15256e-06,37,4.05312e-06,1,4.05312e-06,38.7383,0.00803208,39.341,0.00801802,38.3932,0.000617027
"heskia",54,3.69933,0.024143,27.797,8.41618e-05,25.8182,8.60691e-05,27,0.000488997,30,8.82149e-06,30,5.96046e-06,22,5.96046e-06,26.9853,0.012553,27.0681,0.00979805,25.8953,0.00107718
"heskia",55,3.59371,0.0358181,26.9823,5.00679e-05,24.9847,4.50611e-05,29,0.000359058,34,9.05991e-06,34,3.8147e-06,23,4.76837e-06,25.9275,0.0331988,27.7656,0.0202582,25.156,0.000690937
"heskia",56,3.69636,0.0205629,28.5134,6.31809e-05,25.8746,6.48499e-05,31,0.000483036,32,1.21593e-05,32,5.00679e-06,1,5.96046e-06,26.6081,0.0339301,26.7738,0.0146029,25.8746,0.00133204
"heskia",57,4.50516,0.0276921,36.5825,9.70364e-05,31.4606,9.70364e-05,38,0.000531912,34,1.19209e-05,34,6.19888e-06,1,5.96046e-06,32.7711,0.043539,34.1548,0.024776,31.5361,0.00106311
"heskia",58,3.69059,0.0227051,26.399,6.07967e-05,25.7769,5.60284e-05,30,0.000321865,24,5.00679e-06,24,3.09944e-06,1,4.05312e-06,28.2358,0.016181,29.4864,0.015856,25.8342,0.000672102
"heskia",59,4.05683,0.0217118,32.8144,4.81606e-05,27.9823,3.8147e-05,40,0.000402927,40,5.00679e-06,40,4.05312e-06,1,4.05312e-06,30.1652,0.026803,33.7788,0.02005,28.3978,0.000592947
"heskia",60,3.16345,0.0281329,24.6151,4.60148e-05,22.1442,4.29153e-05,25,0.000305176,28,6.19888e-06,28,4.05312e-06,18,4.05312e-06,22.6625,0.0231102,22.97,0.0193808,22.1442,0.000632048
"heskia",61,7.7148,0.0250661,56.2172,5.81741e-05,53.9438,4.60148e-05,55,0.000439882,52,5.00679e-06,52,4.05312e-06,1,4.05312e-06,55.4524,0.0324881,55.8747,0.0197802,54.0036,0.000818968
"heskia",62,6.4778,0.031204,46.8653,6.00815e-05,45.2767,5.4121e-05,48,0.000380993,44,8.10623e-06,44,3.09944e-06,42,5.00679e-06,46.4314,0.0282688,47.5658,0.0139689,45.3446,0.00067997
"heskia",63,6.40556,0.0312991,47.7362,5.22137e-05,44.3837,4.1008e-05,54,0.000434875,53,5.00679e-06,53,3.09944e-06,1,4.05312e-06,45.8262,0.0268838,47.3609,0.0199831,44.8389,0.000802994
"heskia",64,8.32829,0.0178111,65.9896,7.00951e-05,56.7871,4.60148e-05,72,0.000705004,108,5.00679e-06,108,2.86102e-06,1,4.05312e-06,59.6421,0.0136602,60.4544,0.0154641,58.298,0.000720024
"heskia",65,7.72612,0.016999,56.2948,9.20296e-05,53.9644,6.69956e-05,56,0.000653982,107,5.00679e-06,107,3.09944e-06,47,5.00679e-06,56.0229,0.027281,61.1186,0.0256159,54.0828,0.000833035
"heskia",66,4.39934,0.02334,32.4245,6.50883e-05,30.7612,6.38962e-05,34,0.000344992,31,7.86781e-06,31,2.86102e-06,26,3.8147e-06,32.3527,0.0324409,34.2644,0.024018,30.7954,0.000765085
"heskia",67,6.97142,0.0229731,51.3723,0.000118017,48.3418,8.98838e-05,48,0.00105095,87,9.05991e-06,87,5.00679e-06,43,5.96046e-06,49.4661,0.0319941,51.4061,0.0395939,48.7999,0.00130796
"heskia",68,5.09011,0.025115,35.7675,5.60284e-05,34.961,4.19617e-05,40,0.000416994,33,6.91414e-06,32,2.86102e-06,33,4.05312e-06,38.684,0.0168791,46.8456,0.023062,35.6308,0.000797033
"heskia",69,6.3671,0.0229552,45.6983,4.69685e-05,42.5956,3.60012e-05,57,0.000386,58,5.00679e-06,58,3.09944e-06,40,5.00679e-06,46.9601,0.0292048,49.1238,0.015516,44.5697,0.000693083
"heskia",70,6.70435,0.03052,51.9991,5.29289e-05,46.4593,3.60012e-05,53,0.000502825,79,5.96046e-06,79,3.8147e-06,1,4.05312e-06,51.2883,0.0245731,55.6618,0.0181859,46.9304,0.000643969
"heskia",71,7.61056,0.0244331,62.3041,0.000109911,53.0366,8.32081e-05,70,0.000959158,91,1.00136e-05,91,5.00679e-06,49,6.91414e-06,54.1605,0.0386529,58.0864,0.0328,53.274,0.00116611
"heskia",72,6.10679,0.030313,44.4171,4.19617e-05,42.325,3.09944e-05,46,0.000422955,40,5.00679e-06,35,4.05312e-06,1,3.8147e-06,47.1918,0.0317628,54.2326,0.0303421,42.7476,0.000751972
"heskia",73,7.98693,0.0186751,58.7966,5.10216e-05,55.7743,3.71933e-05,62,0.000437021,59,5.00679e-06,59,3.8147e-06,1,3.8147e-06,57.4255,0.016793,60.4657,0.0173261,55.9085,0.000608921
"heskia",74,5.93345,0.0172341,50.0858,4.22001e-05,40.0584,3.29018e-05,52,0.000348091,57,5.00679e-06,57,3.09944e-06,1,4.05312e-06,44.3,0.0189321,45.0042,0.0128119,41.5341,0.000671864
"heskia",75,6.9381,0.0317879,51.1523,5.10216e-05,48.3177,3.91006e-05,52,0.000412941,51,5.00679e-06,51,2.86102e-06,1,4.05312e-06,49.8389,0.018187,54.179,0.0178709,48.5667,0.000725985
"heskia",76,7.67305,0.0232599,55.9153,5.6982e-05,53.4805,4.60148e-05,55,0.000406981,55,3.8147e-06,55,4.05312e-06,1,3.8147e-06,56.0328,0.0183399,58.9257,0.0227289,53.7113,0.000725031
"heskia",77,7.65741,0.0260961,55.914,5.10216e-05,53.543,3.79086e-05,57,0.000406027,48,5.00679e-06,47,2.86102e-06,1,3.8147e-06,55.4556,0.018507,55.9187,0.01899,53.6019,0.00067687
"heskia",78,5.5773,0.026438,49.7418,4.60148e-05,38.8742,3.60012e-05,50,0.000362873,52,5.00679e-06,52,4.05312e-06,35,4.05312e-06,40.16,0.030869,43.7088,0.0232561,39.0411,0.000717163
"heskia",79,4.65797,0.0199721,39.1546,4.19617e-05,32.3935,3.50475e-05,40,0.000330925,45,4.76837e-06,45,2.86102e-06,1,3.8147e-06,34.8273,0.041605,38.6579,0.0421479,32.6058,0.000815868
"heskia",80,8.06539,0.0259759,63.9121,6.00815e-05,56.3764,4.69685e-05,60,0.000432014,52,5.00679e-06,52,4.05312e-06,51,4.05312e-06,60.1743,0.0174608,63.3111,0.0272031,56.4577,0.000640154
"roszieg",1,2.85,0.00952291,11.4,2.40803e-05,11.4,3.00407e-05,12,0.000377893,12,8.10623e-06,7,3.09944e-06,9,5.00679e-06,12.1744,0.00330782,15.2912,0.0297339,11.4,0.000530005
"roszieg",2,3.26503,0.00679207,13.0601,1.78814e-05,13.0601,2.09808e-05,14,0.000236988,13,6.19888e-06,9,3.09944e-06,12,4.05312e-06,13.9429,0.00238585,16.8529,0.028059,13.0601,0.00037694
"roszieg",3,3.125,0.00518322,12.5,1.81198e-05,12.5,2.28882e-05,13,0.00030303,12,5.96046e-06,7,3.09944e-06,9,4.05312e-06,13.5214,0.002177,16.0882,0.0250399,12.5,0.000324965
"roszieg",4,2.90164,0.00894308,11.5385,2.09808e-05,11.5385,2.5034e-05,12,0.000292063,11,5.96046e-06,7,2.86102e-06,9,4.05312e-06,12.6388,0.00215888,15.5,0.0280271,11.6066,0.000334978
"roszieg",5,2.58537,0.00930119,10.3415,2.38419e-05,10.3415,2.90871e-05,11,0.000219822,10,5.96046e-06,7,3.09944e-06,8,4.05312e-06,11.5172,0.00350904,14.723,0.026701,10.3415,0.000369072
"roszieg",6,3.63204,0.00716996,14.4592,1.88351e-05,14.4592,2.09808e-05,15,0.000253201,15,5.96046e-06,8,2.86102e-06,11,3.8147e-06,15.3324,0.00220513,18.2037,0.022516,14.5282,0.000349045
"roszieg",7,3.41667,0.00762415,13.6667,2.09808e-05,13.6667,2.5034e-05,14,0.000236034,13,7.86781e-06,8,2.86102e-06,11,5.00679e-06,14.0774,0.00216603,16.9422,0.0265541,13.6667,0.00036478
"roszieg",8,3.64583,0.00964499,14.5834,1.81198e-05,14.5833,2.00272e-05,15,0.000229836,14,5.00679e-06,9,3.09944e-06,12,4.05312e-06,15.0719,0.00223207,17.0283,0.0250838,14.5833,0.000372887
"roszieg",9,2.97458,0.0099678,11.8983,2.40803e-05,11.8983,2.71797e-05,12,0.000233889,11,5.00679e-06,8,3.09944e-06,9,4.05312e-06,12.736,0.00209594,15.0166,0.0216551,11.8983,0.000339031
"roszieg",10,3.07308,0.0100729,12.2923,2.69413e-05,12.2923,2.81334e-05,13,0.000222921,12,5.96046e-06,7,2.86102e-06,10,3.8147e-06,13.192,0.0022459,15.0941,0.021801,12.2923,0.000346899
"roszieg",11,2.95,0.00811386,11.7143,1.90735e-05,11.7143,2.00272e-05,13,0.000251055,12,5.96046e-06,7,3.09944e-06,9,4.05312e-06,12.9594,0.00215793,16.3814,0.016207,11.8,0.000320911
"roszieg",12,3.42105,0.00873995,13.6842,1.90735e-05,13.6842,2.00272e-05,14,0.000247002,14,5.00679e-06,8,2.86102e-06,12,4.05312e-06,14.2453,0.00219488,16.7632,0.017292,13.6842,0.000319004
"roszieg",13,4.25,0.00753999,16.9999,2.69413e-05,16.9999,2.21729e-05,17,0.000453949,16,3.8147e-06,9,3.09944e-06,13,4.05312e-06,17,0.0024271,76,0.00314498,17,0.000406981
"roszieg",14,3.00893,0.00724101,12.0358,2.19345e-05,12.0357,2.59876e-05,13,0.000245094,12,6.19888e-06,7,4.05312e-06,10,4.05312e-06,13.27,0.00235009,16.375,0.0151789,12.0357,0.000339031
"roszieg",15,3.42308,0.00676608,13.6923,2.09808e-05,13.6923,2.21729e-05,14,0.000241041,14,5.00679e-06,9,2.86102e-06,11,3.8147e-06,15.0305,0.0021081,18.1114,0.0186169,13.6923,0.000315905
"roszieg",16,3.53571,0.00505805,14.1429,1.81198e-05,14.1429,2.00272e-05,15,0.000232935,14,5.00679e-06,9,2.86102e-06,12,5.00679e-06,15.4286,0.00205898,18.4021,0.0242729,14.1429,0.000349045
"roszieg",17,3.89738,0.00509501,15.5895,1.88351e-05,15.5895,2.28882e-05,16,0.000221968,15,5.00679e-06,10,3.09944e-06,12,4.05312e-06,15.9218,0.00194693,18.8538,0.016875,15.5895,0.000355959
"roszieg",18,3.02885,0.00709701,12.1053,1.69277e-05,12.1053,2.00272e-05,13,0.000226021,12,5.00679e-06,7,3.09944e-06,10,4.05312e-06,12.7895,0.00265908,16.1474,0.02069,12.1154,0.000394821
"roszieg",19,3.66667,0.00833702,14.6316,1.78814e-05,14.6316,1.90735e-05,15,0.000246048,14,5.96046e-06,8,3.09944e-06,11,4.05312e-06,15.1444,0.00181508,18.75,0.022197,14.6667,0.000322104
"roszieg",20,3,0.00665283,12,2.19345e-05,12,2.19345e-05,12,0.000308037,12,5.00679e-06,8,4.05312e-06,10,4.05312e-06,13.1528,0.00209594,16.6475,0.0173979,12,0.000388861
"roszieg",21,5.04327,0.00781894,20.1731,2.19345e-05,20.1731,2.28882e-05,21,0.000272036,20,7.86781e-06,13,2.86102e-06,16,4.05312e-06,20.9242,0.00378704,24.5065,0.0343239,20.1731,0.000387192
"roszieg",22,4.67776,0.006109,18.7111,2.40803e-05,18.7111,2.69413e-05,20,0.000268936,18,6.91414e-06,10,3.09944e-06,16,4.05312e-06,19.8416,0.00238395,22.0856,0.0183861,18.7111,0.0003829
"roszieg",23,5.32353,0.00598097,21.25,1.81198e-05,21.25,5.00679e-06,22,0.00026989,22,5.96046e-06,14,4.05312e-06,17,4.05312e-06,21.9594,0.00235009,23.9161,0.0366499,21.2941,0.000355959
"roszieg",24,5.13372,0.00649214,20.5349,2.71797e-05,20.5349,2.69413e-05,21,0.000279903,20,7.86781e-06,13,2.86102e-06,16,3.8147e-06,21.5245,0.00236297,25.0116,0.0226569,20.5349,0.000369072
"roszieg",25,3.7069,0.00818515,14.8276,1.90735e-05,14.8276,2.09808e-05,15,0.000276089,15,7.15256e-06,8,4.05312e-06,13,4.05312e-06,16.0667,0.00277996,20.9314,0.031589,14.8276,0.000386
"roszieg",26,4.45522,0.00813079,17.8209,2.09808e-05,17.8209,2.19345e-05,19,0.000258923,18,5.96046e-06,11,3.09944e-06,16,4.05312e-06,19.3269,0.00252986,22.3318,0.023998,17.8209,0.000350952
"roszieg",27,3.85188,0.00735497,15.4418,2.00272e-05,15.407,2.40803e-05,16,0.000231028,15,5.00679e-06,8,3.09944e-06,11,5.00679e-06,16.4527,0.00215793,19.3411,0.021208,15.4075,0.000379086
"roszieg",28,4.43256,0.0085361,17.7627,2.00272e-05,17.7302,2.09808e-05,19,0.000267029,18,5.00679e-06,12,2.86102e-06,16,5.00679e-06,19.2059,0.00265598,22.8333,0.0256569,17.7302,0.000368118
"roszieg",29,3.88806,0.00599718,15.5523,2.09808e-05,15.5522,2.21729e-05,17,0.000248909,16,4.76837e-06,10,2.86102e-06,13,3.8147e-06,17.5887,0.00192881,21.9768,0.0216379,15.5522,0.000337839
"roszieg",30,4.84146,0.00755811,19.3659,2.90871e-05,19.3659,3.00407e-05,20,0.000285864,19,5.96046e-06,11,3.09944e-06,18,5.00679e-06,21.2257,0.00264192,25.1523,0.0302629,19.3659,0.000360012
"roszieg",31,4.7069,0.00912595,18.8276,2.00272e-05,18.8276,2.00272e-05,19,0.000268936,19,5.00679e-06,12,3.09944e-06,15,4.05312e-06,19.7945,0.00302911,22.9355,0.0213232,18.8276,0.000420094
"roszieg",32,4.73658,0.0094111,18.9035,2.40803e-05,18.9033,2.38419e-05,20,0.000244856,18,5.00679e-06,12,2.86102e-06,16,4.05312e-06,21.0926,0.00373101,24.842,0.024178,18.9463,0.000349045
"roszieg",33,4.73944,0.00697184,18.9578,2.5034e-05,18.9578,2.69413e-05,20,0.000267029,19,5.00679e-06,10,4.05312e-06,16,4.05312e-06,21.2589,0.00241899,25.9802,0.028641,18.9578,0.0003829
"roszieg",34,4.65152,0.00600719,18.6212,2.5034e-05,18.6061,2.69413e-05,19,0.000252962,19,5.96046e-06,12,3.09944e-06,15,4.05312e-06,19.4437,0.00208187,23.1006,0.023417,18.6061,0.000334024
"roszieg",35,4.88147,0.00982618,19.525,2.09808e-05,19.525,2.21729e-05,20,0.000252962,19,5.00679e-06,11,2.86102e-06,17,5.00679e-06,20.6,0.00202608,24.7124,0.0207782,19.5259,0.000386953
"roszieg",36,4.675,0.00679016,18.7,1.71661e-05,18.7,2.00272e-05,20,0.000263929,18,5.96046e-06,11,2.86102e-06,16,4.05312e-06,20.7187,0.00212789,24.2794,0.022846,18.7,0.000405073
"roszieg",37,4.28067,0.00827813,17.1227,2.81334e-05,17.1227,2.90871e-05,18,0.000257969,16,5.96046e-06,10,3.09944e-06,15,4.05312e-06,18.3409,0.00218391,22.1819,0.024677,17.1227,0.000355959
"roszieg",38,4.55053,0.00639892,18.2022,2.09808e-05,18.2021,2.19345e-05,19,0.000258923,18,5.00679e-06,11,2.86102e-06,16,3.8147e-06,19.4286,0.00271106,23.3125,0.023174,18.2021,0.000353098
"roszieg",39,3.43182,0.00604677,13.7273,1.69277e-05,13.7273,2.09808e-05,14,0.000219107,14,6.19888e-06,8,3.09944e-06,12,5.00679e-06,14.5116,0.00324202,18.1374,0.020925,13.7273,0.000396967
"roszieg",40,4.17012,0.00954199,16.6805,2.28882e-05,16.6805,2.5034e-05,18,0.000272989,17,5.96046e-06,10,3.09944e-06,14,4.05312e-06,18.5811,0.00287104,23.525,0.029443,16.6805,0.000361204
"roszieg",41,1.05882,0.0178199,6.35295,2.00272e-05,6.35294,2.28882e-05,7,0.000226974,7,5.96046e-06,5,3.09944e-06,6,5.00679e-06,6.65986,0.0100632,7.47242,0.013906,6.35294,0.00057888
"roszieg",42,0.975309,0.0193031,5.85185,1.97887e-05,5.85185,2.28882e-05,6,0.000231981,6,5.96046e-06,5,3.09944e-06,5,5.00679e-06,6.08082,0.00795507,7.10053,0.0364439,5.85185,0.000662088
"roszieg",43,1.13462,0.0183148,6.78574,2.09808e-05,6.78571,2.40803e-05,7,0.000221014,7,5.96046e-06,5,4.05312e-06,6,4.05312e-06,7.1363,0.00978684,7.76075,0.0480528,6.80769,0.00049901
"roszieg",44,0.914414,0.0203869,5.48388,2.00272e-05,5.48387,2.40803e-05,6,0.000216007,5,5.00679e-06,5,2.86102e-06,4,4.05312e-06,5.62052,0.0116448,6.55357,0.02827,5.48649,0.000684023
"roszieg",45,1.19048,0.019105,7.14291,2.7895e-05,7.14286,3.09944e-05,8,0.000247002,7,9.05991e-06,5,3.09944e-06,6,5.00679e-06,7.50694,0.012912,9.3516,0.023437,7.14286,0.000496149
"roszieg",46,0.915978,0.0178318,5.48315,2.09808e-05,5.48315,2.40803e-05,6,0.000218868,6,5.96046e-06,5,3.09944e-06,4,4.05312e-06,6.0253,0.011709,7.52642,0.0126851,5.49587,0.000599146
"roszieg",47,1.12963,0.018158,6.77778,2.38419e-05,6.77778,2.59876e-05,7,0.000218868,7,6.91414e-06,5,3.09944e-06,6,4.05312e-06,7.06502,0.00636983,8.01375,0.0236578,6.77778,0.000545979
"roszieg",48,0.900966,0.0209739,5.4347,2.38419e-05,5.4058,2.81334e-05,6,0.00020504,6,5.96046e-06,5,3.09944e-06,5,5.00679e-06,5.76486,0.007442,6.81646,0.031426,5.4058,0.0005548
"roszieg",49,0.968864,0.0246561,5.80287,2.09808e-05,5.80282,2.40803e-05,7,0.000226974,6,6.19888e-06,5,2.86102e-06,5,4.05312e-06,6.18356,0.0158429,7.18,0.0317819,5.81319,0.000726938
"roszieg",50,1.04658,0.0194721,6.2534,2.19345e-05,6.19718,2.40803e-05,6,0.000236988,6,8.82149e-06,6,3.09944e-06,5,5.00679e-06,6.61466,0.00965405,7.70841,0.0813239,6.2795,0.000565052
"roszieg",51,1.05172,0.0188351,6.31036,2.00272e-05,6.31034,2.28882e-05,7,0.000231028,7,9.05991e-06,5,2.86102e-06,6,3.8147e-06,6.6864,0.013572,8.01627,0.0528641,6.31034,0.000601053
"roszieg",52,0.974359,0.012543,5.84615,3.60012e-05,5.84615,4.48227e-05,6,0.000324011,6,1.09673e-05,5,5.00679e-06,5,6.19888e-06,6.16217,0.00723195,7.37662,0.0524819,5.84615,0.00083518
"roszieg",53,1.0404,0.016118,6.27517,2.59876e-05,6.1745,3.19481e-05,7,0.000218868,6,6.91414e-06,5,3.09944e-06,5,4.05312e-06,6.5244,0.00556993,7.71683,0.0323389,6.24242,0.000470877
"roszieg",54,1.09943,0.0280011,6.5738,2.31266e-05,6.57377,2.59876e-05,7,0.000216007,7,6.91414e-06,5,2.86102e-06,6,4.05312e-06,7.0391,0.00698209,8.25489,0.0399809,6.59657,0.000524998
"roszieg",55,1.22356,0.0153849,7.34151,2.81334e-05,7.34138,3.21865e-05,8,0.000221968,8,5.00679e-06,7,3.09944e-06,7,4.05312e-06,7.47921,0.00635314,8.39806,0.037776,7.34138,0.000503063
"roszieg",56,1.33832,0.016583,8.01545,2.5034e-05,7.95385,2.81334e-05,9,0.000231028,8,6.91414e-06,8,2.86102e-06,7,4.05312e-06,8.30029,0.00602984,10.3492,0.037009,8.0299,0.000574112
"roszieg",57,1.2621,0.0176201,7.55864,2.21729e-05,7.55864,2.5034e-05,8,0.000242949,8,7.15256e-06,7,3.09944e-06,6,4.05312e-06,7.79414,0.00650215,9.32584,0.0342121,7.57258,0.000539064
"roszieg",58,1.11728,0.019731,6.7037,2.09808e-05,6.7037,2.40803e-05,7,0.00022316,7,8.10623e-06,5,3.09944e-06,6,4.05312e-06,6.89815,0.00757194,8.1776,0.057282,6.7037,0.000527859
"roszieg",59,1.21825,0.0135889,7.30147,3.00407e-05,7.30147,3.60012e-05,8,0.00022912,7,7.15256e-06,5,4.05312e-06,6,4.05312e-06,7.53833,0.00974011,9.14226,0.030648,7.30948,0.000547886
"roszieg",60,1.14604,0.0190151,6.83486,2.38419e-05,6.83486,2.59876e-05,7,0.000247955,7,8.10623e-06,5,2.86102e-06,6,4.05312e-06,7.08139,0.0068779,7.70381,0.0274031,6.87627,0.000481129
"roszieg",61,1.73489,0.0148761,10.4457,2.40803e-05,10.4093,2.59876e-05,11,0.000275135,11,5.96046e-06,9,2.86102e-06,8,3.8147e-06,10.8859,0.00999808,12.7681,0.023767,10.4093,0.000628948
"roszieg",62,1.16667,0.022182,7,2.71797e-05,7,3.50475e-05,8,0.000237942,7,5.00679e-06,5,2.86102e-06,6,4.76837e-06,7.08671,0.0103612,9.17348,0.0129111,7,0.000588894
"roszieg",63,1.89867,0.017303,11.4667,2.5034e-05,11.392,2.5034e-05,13,0.000273943,13,5.00679e-06,13,4.05312e-06,9,4.05312e-06,11.6894,0.00598288,14.0788,0.0125101,11.392,0.000658989
"roszieg",64,1.41026,0.013128,8.48148,2.59876e-05,8.41975,2.90871e-05,9,0.000259876,9,9.05991e-06,6,3.09944e-06,8,4.05312e-06,9.08084,0.0141799,11.3012,0.0433509,8.46154,0.000519037
"roszieg",65,1.49881,0.014854,8.79,2.28882e-05,8.71429,2.40803e-05,10,0.000241995,9,5.96046e-06,7,3.09944e-06,8,4.05312e-06,9.71268,0.011194,11.3019,0.0286808,8.99285,0.000635862
"roszieg",66,1.77805,0.0145051,11.39,4.41074e-05,10.6065,4.98295e-05,12,0.000369072,13,8.10623e-06,13,4.05312e-06,8,5.96046e-06,11.3096,0.00982094,13.7445,0.0321479,10.6683,0.00100517
"roszieg",67,1.51833,0.0146229,9.18633,2.90871e-05,9.10998,3.09944e-05,10,0.000275135,9,7.86781e-06,8,2.86102e-06,8,5.00679e-06,9.68371,0.033623,11.5526,0.0597811,9.10998,0.000638008
"roszieg",68,1.82597,0.018507,10.9558,3.19481e-05,10.9558,3.38554e-05,12,0.000256062,11,6.19888e-06,8,4.05312e-06,9,4.05312e-06,11.4262,0.00605702,13.2703,0.0150719,10.9558,0.000592947
"roszieg",69,1.49134,0.019521,8.94805,2.88486e-05,8.94805,3.09944e-05,10,0.000255108,9,5.00679e-06,6,4.05312e-06,8,3.8147e-06,9.37462,0.00887609,10.8125,0.0251939,8.94805,0.000648022
"roszieg",70,1.43602,0.0169301,8.58829,2.7895e-05,8.58824,2.90871e-05,9,0.000279903,9,6.91414e-06,8,3.09944e-06,8,4.05312e-06,9.69302,0.00992584,11.8661,0.026336,8.61611,0.000603914
"roszieg",71,1.28571,0.0182319,7.71429,2.59876e-05,7.71429,2.81334e-05,8,0.000248909,8,5.96046e-06,6,3.09944e-06,7,4.05312e-06,7.97658,0.00943208,10.6147,0.0201871,7.71429,0.000653028
"roszieg",72,1.42408,0.022054,8.50971,2.69413e-05,8.5097,2.81334e-05,9,0.000253201,9,8.10623e-06,6,4.05312e-06,7,4.05312e-06,9.141,0.0156479,11.1725,0.0305851,8.5445,0.000643969
"roszieg",73,1.83429,0.014467,11.4346,4.31538e-05,10.9137,5.60284e-05,13,0.000411034,13,9.05991e-06,13,4.05312e-06,10,5.00679e-06,11.6218,0.00923204,13.0496,0.041847,11.0057,0.000923157
"roszieg",74,1.47264,0.0142682,8.82036,2.88486e-05,8.82036,3.00407e-05,10,0.000255108,9,5.00679e-06,8,2.86102e-06,8,4.05312e-06,9.55698,0.0119739,11.546,0.0226719,8.83583,0.000663996
"roszieg",75,1.30322,0.0173068,7.78895,2.69413e-05,7.78894,2.7895e-05,8,0.000271082,8,6.19888e-06,5,3.09944e-06,7,4.05312e-06,8.38003,0.0116942,10.5067,0.0245559,7.81931,0.000690937
"roszieg",76,1.96641,0.0158951,11.7864,2.90871e-05,11.7797,3.19481e-05,12,0.000262976,12,5.96046e-06,9,2.86102e-06,10,4.05312e-06,12.087,0.006387,13.8554,0.0275481,11.7985,0.00067997
"roszieg",77,1.42066,0.019619,8.56089,3.38554e-05,8.52399,4.41074e-05,9,0.000341892,9,7.86781e-06,6,5.00679e-06,7,5.96046e-06,8.95321,0.0122969,10.2909,0.0428889,8.52399,0.00102806
"roszieg",78,1.15602,0.0182109,6.72973,3.09944e-05,6.72973,3.38554e-05,8,0.000277042,7,7.15256e-06,6,3.09944e-06,6,3.8147e-06,7.58726,0.0117631,9.62694,0.0194519,6.9361,0.000738859
"roszieg",79,1.14634,0.017451,6.87805,3.60012e-05,6.87805,4.1008e-05,8,0.000404119,7,1.00136e-05,5,4.05312e-06,6,5.96046e-06,7.54647,0.0453682,9.44348,0.0919359,6.87805,0.00109601
"roszieg",80,1.49765,0.0167029,8.94118,2.19345e-05,8.94118,2.19345e-05,10,0.000255108,9,5.00679e-06,8,2.86102e-06,7,4.05312e-06,9.4415,0.00953698,11.5371,0.0154178,8.98592,0.000535965
"wee-mag",1,1.397,0.229606,15.3802,0.000250101,15.345,0.000210047,16,0.000957012,15,8.10623e-06,8,5.00679e-06,6,2.28882e-05,16.5536,0.085469,19.2825,0.274635,15.367,0.00378919
"wee-mag",2,1.60014,0.228073,17.678,0.000166893,17.5553,0.000126839,18,0.00097394,17,8.82149e-06,9,5.00679e-06,8,2.19345e-05,18.7989,0.117791,20.75,0.258164,17.6016,0.00388598
"wee-mag",3,1.53103,0.223381,16.9499,0.000190973,16.8391,0.000149965,18,0.000985146,16,7.86781e-06,10,5.96046e-06,5,2.28882e-05,17.6674,0.096741,20.2567,0.185875,16.8413,0.00406098
"wee-mag",4,1.62833,0.230694,18.1991,0.000248909,17.8666,0.000203133,19,0.00106096,17,7.86781e-06,11,5.00679e-06,7,2.19345e-05,19.1041,0.064733,22.5955,0.25634,17.9116,0.00373602
"wee-mag",5,1.6017,0.21677,17.6319,0.00022912,17.5546,0.000158787,18,0.00105691,17,9.05991e-06,9,4.76837e-06,5,2.19345e-05,18.923,0.0978951,22.1608,0.196109,17.6187,0.00348186
"wee-mag",6,1.50419,0.221013,16.6205,0.000175953,16.5313,0.000139952,17,0.000925064,16,8.10623e-06,12,5.00679e-06,6,2.21729e-05,17.4396,0.0677869,19.2985,0.173443,16.5461,0.00358605
"wee-mag",7,1.34459,0.222496,14.9403,0.000186205,14.7696,0.000148058,16,0.000912905,14,8.10623e-06,8,5.00679e-06,5,2.28882e-05,16.1576,0.054507,18.993,0.217812,14.7905,0.00365806
"wee-mag",8,1.73596,0.224579,19.3073,0.000166178,19.0775,0.000119925,20,0.00113201,18,8.10623e-06,11,5.00679e-06,7,2.19345e-05,19.8652,0.07307,22.4109,0.257078,19.0956,0.00383615
"wee-mag",9,1.49423,0.224768,16.5018,0.000188112,16.4149,0.000146866,17,0.0009799,16,9.05991e-06,8,5.00679e-06,5,2.19345e-05,17.2137,0.0771232,19.5329,0.171928,16.4366,0.00357699
"wee-mag",10,1.54231,0.220201,17.206,0.000131845,16.9465,9.10759e-05,18,0.000983,16,7.86781e-06,9,5.00679e-06,6,2.31266e-05,17.824,0.0672231,20.3443,0.22137,16.9655,0.0037601
"wee-mag",11,1.59564,0.222854,17.796,0.000195026,17.4735,0.000151873,19,0.00105405,16,8.10623e-06,9,5.00679e-06,6,2.19345e-05,19.2067,0.076247,21.9469,0.126561,17.552,0.00358295
"wee-mag",12,1.82145,0.231015,20.1835,0.000301123,19.9689,0.000256062,21,0.00104594,19,8.10623e-06,12,6.19888e-06,9,2.28882e-05,20.7414,0.047523,23.8798,0.2096,20.0359,0.00312996
"wee-mag",13,1.90579,0.233423,21.3462,0.000268936,20.9295,0.000222921,22,0.00106096,19,8.10623e-06,12,4.76837e-06,8,2.19345e-05,21.7547,0.0568912,24.387,0.149458,20.9636,0.00334191
"wee-mag",14,1.93341,0.220694,21.3044,0.000311136,21.263,0.000264883,22,0.00108814,20,8.82149e-06,12,5.96046e-06,11,2.19345e-05,22.1756,0.0600121,25.2636,0.193301,21.2675,0.00388622
"wee-mag",15,1.86187,0.216794,20.9246,0.000118971,20.316,7.29561e-05,22,0.0010519,20,8.10623e-06,17,5.96046e-06,10,2.31266e-05,21.6046,0.0365331,24.7137,0.148368,20.4806,0.00304484
"wee-mag",16,1.5301,0.20848,17.1341,0.000157118,16.8212,0.00011301,18,0.0010221,16,8.10623e-06,9,5.96046e-06,5,2.19345e-05,17.4743,0.0464151,20.8987,0.150516,16.8311,0.00360918
"wee-mag",17,1.88516,0.224357,21.2367,0.000263929,20.7147,0.00022006,22,0.000996828,19,1.00136e-05,14,5.96046e-06,8,2.31266e-05,21.8419,0.057729,23.9848,0.172468,20.7368,0.0034461
"wee-mag",18,1.66087,0.214971,18.546,0.000181198,18.196,0.000132084,20,0.00113893,18,8.10623e-06,10,5.00679e-06,7,2.21729e-05,20.0116,0.061085,23.3406,0.118378,18.2696,0.00365806
"wee-mag",19,2.04458,0.237026,22.4915,0.000164986,22.4544,0.00011611,23,0.00104094,22,7.86781e-06,14,5.00679e-06,7,2.19345e-05,23.3725,0.0420702,25.1618,0.135998,22.4904,0.00335813
"wee-mag",20,2.24228,0.212853,24.5902,0.000427961,24.5898,0.000356197,25,0.00115323,23,9.05991e-06,14,5.00679e-06,12,2.31266e-05,25.2991,0.0579319,27.9742,0.19284,24.6651,0.00293612
"wee-mag",21,2.6229,0.227686,28.8957,0.00030899,28.8499,0.000252962,30,0.00134802,28,7.86781e-06,22,5.96046e-06,12,2.28882e-05,30.9087,0.0790889,35.4259,0.261176,28.8519,0.00371599
"wee-mag",22,2.29258,0.233303,25.2552,0.000233173,25.1629,0.000174046,26,0.00125098,24,7.15256e-06,15,5.96046e-06,9,2.31266e-05,26.7967,0.056767,32.5603,0.219699,25.2184,0.00376892
"wee-mag",23,2.68089,0.217793,29.405,0.000205994,29.3092,0.000148058,30,0.00126696,29,7.86781e-06,24,5.96046e-06,13,2.28882e-05,30.7383,0.05832,37.3588,0.250195,29.4898,0.003654
"wee-mag",24,2.75422,0.217061,30.3802,0.000241041,30.294,0.000160933,31,0.00128007,29,7.86781e-06,20,5.96046e-06,11,2.21729e-05,31.9874,0.053828,36.6366,0.204981,30.2964,0.00353694
"wee-mag",25,2.50246,0.223265,27.447,0.000200987,27.3528,0.000144005,28,0.00124502,27,8.10623e-06,19,6.19888e-06,13,2.28882e-05,28.8694,0.0666089,34.7285,0.218945,27.5271,0.00373101
"wee-mag",26,2.73474,0.224452,29.9707,0.0002141,29.9307,0.000134945,32,0.00121808,28,8.10623e-06,16,6.19888e-06,11,2.28882e-05,31.8659,0.0500271,36.4954,0.11303,30.0821,0.00335908
"wee-mag",27,2.92094,0.213815,32.3409,0.000162125,32.1161,9.58443e-05,33,0.00140595,31,8.10623e-06,18,5.00679e-06,11,2.28882e-05,34.5484,0.0790842,39.0655,0.219034,32.1303,0.00373197
"wee-mag",28,2.50657,0.22008,27.6784,0.000292063,27.5373,0.000228882,29,0.00136805,25,8.10623e-06,15,5.00679e-06,7,2.19345e-05,29.5198,0.0704138,35.1168,0.204737,27.5722,0.00349402
"wee-mag",29,2.52275,0.217767,27.876,0.000192881,27.7343,0.000141144,29,0.00121689,27,9.05991e-06,19,5.96046e-06,14,2.31266e-05,29.4132,0.085721,33.9007,0.204144,27.7503,0.00355291
"wee-mag",30,2.80608,0.220155,31.3151,0.000382185,30.7336,0.000319958,32,0.00131798,30,7.86781e-06,25,5.00679e-06,10,2.28882e-05,32.7788,0.049077,37.6185,0.278197,30.8669,0.00377178
"wee-mag",31,2.55187,0.21564,28.117,0.000231028,28.0614,0.000170946,29,0.00133801,27,7.86781e-06,16,6.19888e-06,14,2.31266e-05,29.5998,0.0549359,35.7548,0.200329,28.0706,0.00346112
"wee-mag",32,2.37057,0.230844,26.0553,0.000326872,26.0077,0.000271082,27,0.00125599,24,7.86781e-06,16,5.00679e-06,8,2.31266e-05,28.0004,0.0512521,33.5246,0.244948,26.0763,0.00367808
"wee-mag",33,2.75254,0.22398,30.3033,0.000340223,30.2367,0.00027895,31,0.00133801,28,8.10623e-06,21,5.96046e-06,9,2.21729e-05,32.2263,0.0559411,37.0736,0.160069,30.278,0.00360084
"wee-mag",34,2.6272,0.216697,28.9782,0.000323057,28.8706,0.000257015,30,0.00139499,27,8.82149e-06,15,5.00679e-06,10,2.21729e-05,30.6116,0.057688,35.5675,0.164848,28.8992,0.00351906
"wee-mag",35,2.25591,0.233452,24.8176,0.000290155,24.7646,0.000225067,25,0.00123501,23,8.10623e-06,14,5.00679e-06,11,2.19345e-05,26.1278,0.063633,32.1787,0.238875,24.815,0.003613
"wee-mag",36,2.76434,0.218247,30.4806,0.000334024,30.3685,0.00027585,32,0.00127888,29,8.10623e-06,17,5.00679e-06,12,2.19345e-05,32.0837,0.0543149,35.9997,0.207495,30.4077,0.00385213
"wee-mag",37,2.31947,0.219016,25.5573,0.000280142,25.4431,0.000227928,27,0.00115013,25,8.10623e-06,14,6.19888e-06,11,2.28882e-05,26.6446,0.0492702,31.4249,0.25447,25.5142,0.00370312
"wee-mag",38,2.32241,0.227242,25.5667,0.000180006,25.5052,0.000128031,27,0.0011971,25,8.10623e-06,18,5.00679e-06,9,2.19345e-05,26.9341,0.0626819,32.0285,0.210911,25.5465,0.00321603
"wee-mag",39,2.44144,0.215796,26.7891,0.000238895,26.7285,0.000178099,28,0.00128698,26,8.10623e-06,16,5.00679e-06,9,2.19345e-05,29.8849,0.0636649,35.4982,0.111463,26.8559,0.00366712
"wee-mag",40,2.41468,0.230707,26.5648,0.00022316,26.5599,0.000174999,28,0.0010972,25,8.10623e-06,14,5.00679e-06,13,2.31266e-05,28.0046,0.0588441,32.3051,0.103516,26.5615,0.00344396
"wee-mag",41,0.339434,0.605588,6.41669,0.00033617,6.37571,0.00029707,5,0.000837088,8,8.10623e-06,8,5.96046e-06,3,2.28882e-05,6.58008,1.94207,7.23454,0.665666,6.44925,0.00801396
"wee-mag",42,0.323511,0.663782,6.14885,0.000355005,6.13939,0.000319004,6,0.000832081,6,9.77516e-06,4,5.96046e-06,3,2.31266e-05,6.29739,2.29166,6.94412,0.617814,6.1467,0.00886989
"wee-mag",43,0.379982,0.680155,7.22931,0.000267982,7.20816,0.000231981,5,0.000823975,7,9.05991e-06,6,6.19888e-06,3,8.89301e-05,7.35467,1.02332,7.69418,0.594261,7.21966,0.00804901
"wee-mag",44,0.363502,0.614287,6.83312,0.00036788,6.83312,0.000329971,6,0.000858068,7,9.05991e-06,5,5.96046e-06,3,2.19345e-05,7.14486,1.8793,8.00455,0.654549,6.90654,0.00767612
"wee-mag",45,0.354287,0.660938,6.68776,0.000359058,6.68776,0.000320911,5,0.000828981,7,9.05991e-06,5,5.96046e-06,2,2.19345e-05,6.85768,0.850524,7.52113,0.753028,6.73146,0.0080359
"wee-mag",46,0.315588,0.762626,5.99617,0.000211954,5.99617,0.000175953,5,0.000838041,6,1.00136e-05,4,6.19888e-06,3,3.31402e-05,6.22061,1.59169,6.83282,0.799385,5.99617,0.0093379
"wee-mag",47,0.382256,0.664188,7.31058,0.000272036,7.24254,0.000235081,6,0.000844002,7,9.05991e-06,6,5.96046e-06,3,2.28882e-05,7.46288,1.73239,7.99834,0.749901,7.26286,0.00900602
"wee-mag",48,0.370088,0.686805,6.98174,0.000248909,6.96201,0.000212193,6,0.000834942,7,8.82149e-06,6,5.96046e-06,4,2.31266e-05,7.16157,1.82504,7.65535,0.648351,7.03168,0.00887609
"wee-mag",49,0.313861,0.756264,5.97227,0.000329018,5.94497,0.000291824,6,0.000781059,6,8.82149e-06,6,5.00679e-06,3,2.31266e-05,6.16717,1.01314,6.6437,0.594286,5.96335,0.00812197
"wee-mag",50,0.326002,0.720629,6.19403,0.000227928,6.19403,0.000189066,5,0.000833988,6,1.00136e-05,4,5.96046e-06,2,2.21729e-05,6.35255,1.24499,7.03225,0.521745,6.19403,0.00818992
"wee-mag",51,0.423875,0.617827,7.9985,0.00030899,7.9984,0.000272036,6,0.000841856,8,9.05991e-06,8,5.96046e-06,5,2.28882e-05,8.1916,1.31033,8.95559,0.460571,8.05362,0.00728893
"wee-mag",52,0.355984,0.733366,6.72936,0.000192881,6.72936,0.000154972,6,0.000730991,7,8.10623e-06,5,6.19888e-06,3,2.28882e-05,7.02454,1.51382,7.46842,0.37676,6.76369,0.00784397
"wee-mag",53,0.383395,0.713535,7.26692,0.00041604,7.23533,0.000375032,6,0.000829935,7,9.05991e-06,6,5.96046e-06,4,2.28882e-05,7.38801,0.970545,7.87342,0.413182,7.2845,0.00700498
"wee-mag",54,0.405703,0.617226,7.69918,0.000414848,7.62615,0.000379086,6,0.000874043,9,9.05991e-06,9,5.96046e-06,3,2.28882e-05,7.82711,0.913262,8.5542,0.466299,7.70835,0.0075171
"wee-mag",55,0.419485,0.611566,8.09218,0.000294924,7.95681,0.000244856,6,0.00087595,10,8.82149e-06,10,5.96046e-06,3,2.31266e-05,8.10783,1.23128,8.96076,0.400723,7.97022,0.00735784
"wee-mag",56,0.431698,0.670974,8.16261,0.000432968,8.08701,0.00049901,6,0.000908852,8,9.05991e-06,8,5.96046e-06,4,2.31266e-05,8.36672,0.892216,8.8971,0.366541,8.20227,0.00693202
"wee-mag",57,0.40898,0.672076,7.831,0.000399113,7.75154,0.000361204,6,0.00080204,8,8.82149e-06,8,5.96046e-06,4,2.40803e-05,7.92694,1.17903,8.46486,0.409249,7.77062,0.007514
"wee-mag",58,0.379615,0.695093,7.20901,0.000654936,7.20901,0.000614882,7,0.000867128,7,8.10623e-06,5,6.19888e-06,3,2.28882e-05,7.48004,1.47836,8.2846,0.404786,7.21268,0.00758004
"wee-mag",59,0.451473,0.610247,8.59801,0.000509024,8.55609,0.000465155,8,0.000890017,8,7.86781e-06,8,5.96046e-06,3,2.21729e-05,8.87353,1.61351,9.53287,0.360619,8.57799,0.0071609
"wee-mag",60,0.402772,0.696916,7.597,0.000322104,7.59693,0.000279903,6,0.000853062,8,9.05991e-06,8,5.96046e-06,3,2.28882e-05,7.7196,0.699542,8.30232,0.460455,7.65267,0.00698495
"wee-mag",61,0.56349,0.61225,10.8195,0.000481129,10.6141,0.000476837,11,0.000918865,10,8.82149e-06,10,6.91414e-06,3,2.38419e-05,10.9136,0.813673,11.7203,0.51283,10.7063,0.00810289
"wee-mag",62,0.56175,0.625434,11.1795,0.00029707,10.5172,0.000251055,8,0.00099802,18,9.05991e-06,18,5.96046e-06,6,2.40803e-05,11.1586,0.98672,12.2392,0.573892,10.6732,0.00846481
"wee-mag",63,0.587773,0.6084,11.3984,0.00048089,11.1304,0.000435114,12,0.00100708,11,8.82149e-06,10,5.96046e-06,5,2.31266e-05,11.5342,0.834257,12.9865,0.591252,11.1677,0.00781894
"wee-mag",64,0.562251,0.605408,10.6577,0.000346899,10.5428,0.00031209,11,0.000936985,10,9.05991e-06,9,7.15256e-06,6,2.38419e-05,11.0328,0.931278,11.7336,0.5106,10.6828,0.00726891
"wee-mag",65,0.649243,0.6909,12.4553,0.000453949,12.2903,0.000415802,14,0.000940084,11,9.05991e-06,9,5.96046e-06,5,2.40803e-05,12.7866,1.19922,13.9191,0.533837,12.3356,0.00855708
"wee-mag",66,0.610869,0.741335,11.5851,0.000469923,11.4188,0.0003829,13,0.000905037,11,9.05991e-06,8,5.96046e-06,4,2.28882e-05,12.1131,0.942619,13.4569,0.472294,11.6065,0.00885892
"wee-mag",67,0.607518,0.607795,11.905,0.000566959,11.5285,0.000530958,13,0.00101185,13,1.00136e-05,13,6.91414e-06,4,2.5034e-05,11.8567,0.801514,12.9143,0.459638,11.5428,0.00841498
"wee-mag",68,0.498256,0.652675,9.63477,0.000319958,9.45643,0.000271082,9,0.000902176,9,8.10623e-06,9,6.19888e-06,5,2.28882e-05,9.72059,0.8265,10.5948,0.481399,9.46686,0.00809097
"wee-mag",69,0.619366,0.666767,11.9768,0.00041604,11.7618,0.000374079,13,0.000982046,11,8.82149e-06,10,6.91414e-06,5,2.31266e-05,12.1277,0.842593,13.6678,0.551498,11.7679,0.00927401
"wee-mag",70,0.73824,0.675421,14.55,0.000648022,13.9756,0.000602961,16,0.00106192,13,9.05991e-06,10,6.91414e-06,7,2.5034e-05,14.3254,0.74373,15.3824,0.491914,14.0266,0.00769997
"wee-mag",71,0.536032,0.652039,10.4275,0.000380993,10.123,0.000340939,9,0.00103211,12,9.05991e-06,12,5.96046e-06,4,2.40803e-05,10.6106,0.831745,11.8783,0.56732,10.1846,0.00820708
"wee-mag",72,0.600764,0.628762,11.6677,0.000408173,11.3332,0.000360966,12,0.000912905,12,8.10623e-06,12,7.15256e-06,6,2.38419e-05,11.6423,0.700711,12.5342,0.495116,11.4145,0.00868106
"wee-mag",73,0.57279,0.683859,11.1215,0.00041914,10.7651,0.00037694,10,0.000967979,16,1.00136e-05,16,6.91414e-06,6,0.000134945,11.1979,0.79123,12.0105,0.514816,10.883,0.00794697
"wee-mag",74,0.636165,0.637052,12.2004,0.000442982,11.9235,0.00039196,13,0.00104594,14,1.00136e-05,14,5.96046e-06,4,2.47955e-05,12.4159,0.895645,13.6404,0.469188,12.0871,0.00818801
"wee-mag",75,0.597442,0.628244,11.7181,0.000345945,11.2467,0.000311852,13,0.000953913,16,9.05991e-06,16,5.96046e-06,4,2.38419e-05,11.7159,0.735425,12.8682,0.490772,11.3514,0.00980091
"wee-mag",76,0.580996,0.610661,11.1603,0.00037384,10.9984,0.000324011,12,0.000916958,11,8.10623e-06,11,6.19888e-06,4,2.28882e-05,11.3387,1.17671,12.5868,0.590092,11.0389,0.00852585
"wee-mag",77,0.648198,0.639439,12.5325,0.000718117,12.238,0.000657082,13,0.000995874,12,8.10623e-06,11,5.96046e-06,3,2.31266e-05,12.6533,0.813003,13.6881,0.557654,12.3158,0.00828505
"wee-mag",78,0.528672,0.662131,10.13,0.000486851,10.0176,0.000437021,11,0.000946999,9,9.05991e-06,8,5.96046e-06,3,2.28882e-05,10.1864,0.738726,11.3307,0.488908,10.0448,0.00791192
"wee-mag",79,0.609171,0.730275,11.9881,0.000509024,11.4833,0.000466108,10,0.00114107,16,9.05991e-06,16,5.96046e-06,5,2.31266e-05,11.9193,0.88249,13.6848,0.50901,11.5743,0.00833392
"wee-mag",80,0.530047,0.582731,10.1761,0.000498056,10.0461,0.000463963,8,0.000936031,10,1.00136e-05,9,6.19888e-06,4,2.28882e-05,10.4507,0.747101,11.6136,0.600438,10.0709,0.0084672
"tonge",1,4.24364,0.202531,42.55,0.000300884,42.3831,0.000200987,43,0.00199485,37,8.82149e-06,24,5.00679e-06,30,1.78814e-05,44.6571,0.048497,57.1296,1.139,42.4364,0.00289989
"tonge",2,4.4714,0.201704,44.7015,0.000369072,44.4645,0.00027895,46,0.00187302,40,8.10623e-06,32,5.00679e-06,31,1.78814e-05,47.3778,0.0577071,58.1787,1.45872,44.714,0.00307202
"tonge",3,5.21864,0.191489,55.1595,0.000277042,52.1711,0.0001719,49,0.00205088,72,9.05991e-06,72,5.00679e-06,40,1.81198e-05,54.0818,0.0379581,65.3348,1.18825,52.1864,0.00330114
"tonge",4,5.41142,0.198921,54.8589,0.000431061,53.9867,0.000315905,54,0.00213885,46,8.10623e-06,34,5.00679e-06,37,1.78814e-05,56.3627,0.0511501,67.9492,0.884744,54.1142,0.00305796
"tonge",5,4.55183,0.203575,45.62,0.00027895,45.1646,0.000188112,46,0.00183511,40,9.05991e-06,33,5.00679e-06,33,1.71661e-05,47.9157,0.0429468,63.0965,1.20423,45.5183,0.00289607
"tonge",6,4.13236,0.195593,42.6592,0.000360966,41.1563,0.000267029,42,0.00180483,36,8.10623e-06,34,5.00679e-06,28,1.78814e-05,43.9206,0.045177,57.5275,0.966781,41.3236,0.00304103
"tonge",7,4.20517,0.192515,45.3074,0.000248909,42.0448,0.000144005,39,0.002069,79,7.86781e-06,79,5.00679e-06,34,1.78814e-05,45.061,0.0434241,59.5097,0.949371,42.0517,0.00321603
"tonge",8,5.16444,0.19298,53.3042,0.000260115,51.5223,0.000124931,50,0.00206804,61,7.86781e-06,61,5.96046e-06,38,1.78814e-05,54.4869,0.0444639,66.7411,1.22353,51.6444,0.00304604
"tonge",9,3.07566,0.196996,31.2037,0.000186205,30.7036,0.000110149,31,0.00161982,32,7.86781e-06,32,5.00679e-06,23,1.81198e-05,33.1892,0.048465,45.4059,1.19626,30.7566,0.00331187
"tonge",10,4.0509,0.210339,41.9803,0.000234842,40.436,0.000152111,41,0.00175714,39,8.10623e-06,39,5.00679e-06,30,1.81198e-05,42.9037,0.0414879,56.8143,0.994136,40.509,0.00290298
"tonge",11,5.09873,0.187432,50.928,0.000315905,50.8957,0.000213146,50,0.00200915,47,9.05991e-06,37,5.00679e-06,36,1.81198e-05,53.9729,0.037919,68.4227,0.779107,50.9873,0.00266099
"tonge",12,4.58527,0.184429,47.61,0.0003829,45.8259,0.000277042,47,0.00205112,37,8.10623e-06,32,5.00679e-06,26,1.78814e-05,48.7637,0.049247,61.6597,0.86461,45.8527,0.00273395
"tonge",13,4.95424,0.192567,49.6995,0.000364065,49.1718,0.000267029,48,0.00194502,47,8.10623e-06,47,5.00679e-06,34,1.81198e-05,52.6696,0.048924,67.3159,0.712068,49.5424,0.00305486
"tonge",14,4.05929,0.194669,41.3587,0.000335932,40.5336,0.000247002,40,0.00183702,36,9.05991e-06,31,6.19888e-06,29,1.78814e-05,42.9219,0.0564442,52.4116,0.876922,40.5929,0.00293207
"tonge",15,4.26159,0.190554,44.0985,0.000209808,42.4739,0.000113964,41,0.00187397,77,9.05991e-06,77,5.00679e-06,30,1.81198e-05,46.0053,0.0374749,60.1898,0.889363,42.6159,0.00271416
"tonge",16,4.828,0.183399,48.7064,0.000364065,48.2752,0.000262976,48,0.00188994,43,8.10623e-06,37,5.00679e-06,32,8.51154e-05,50.5495,0.0418968,62.7028,0.782799,48.28,0.00282311
"tonge",17,5.44303,0.189747,56.8143,0.000324965,53.7223,0.000211,50,0.00222802,75,8.10623e-06,75,5.00679e-06,39,1.69277e-05,56.2037,0.042484,68.4094,0.75923,54.4303,0.00254178
"tonge",18,4.72426,0.208228,47.2971,0.000283003,46.9618,0.000172138,48,0.002213,48,8.82149e-06,48,5.00679e-06,34,1.78814e-05,51.0794,0.039294,69.5963,0.824081,47.2426,0.00286293
"tonge",19,5.29515,0.186611,54.3751,0.000268936,52.825,0.000150919,54,0.00232983,48,7.86781e-06,38,5.00679e-06,38,1.69277e-05,56.6022,0.039125,70.1785,0.686822,52.9515,0.00233316
"tonge",20,5.19358,0.213116,52.2727,0.000334978,51.9007,0.000228882,52,0.00212216,46,9.05991e-06,39,5.00679e-06,32,1.81198e-05,55.043,0.0381582,68.0115,0.786862,51.9358,0.00278807
"tonge",21,6.72362,0.190304,67.6921,0.000426054,66.9252,0.000248909,69,0.00322413,64,8.82149e-06,54,5.96046e-06,48,1.78814e-05,72.8106,0.033953,107.478,1.43205,67.2362,0.00307679
"tonge",22,5.93332,0.202178,59.3856,0.000488997,59.1044,0.000315905,59,0.00320888,50,7.86781e-06,41,5.96046e-06,39,1.78814e-05,65.8255,0.0447669,90.6034,1.36395,59.3332,0.00328684
"tonge",23,5.35602,0.20178,54.8053,0.00031805,53.3966,0.000185013,50,0.00259113,71,7.86781e-06,71,5.96046e-06,38,1.69277e-05,60.0699,0.0486488,84.7332,1.2929,53.5602,0.00342393
"tonge",24,7.6104,0.20825,82.5043,0.000335217,75.9526,0.00019908,78,0.00247383,84,9.05991e-06,84,5.00679e-06,54,1.78814e-05,82.1121,0.0457261,104.466,1.19496,76.104,0.00312686
"tonge",25,7.78271,0.201607,78.4346,0.000386953,77.7175,0.000226021,77,0.00282788,71,9.05991e-06,53,5.00679e-06,58,1.78814e-05,82.5468,0.0499189,108.587,1.31422,77.8271,0.00314307
"tonge",26,7.45429,0.209777,75.1136,0.000348091,74.492,0.000191927,73,0.00274396,68,8.10623e-06,56,5.00679e-06,54,1.78814e-05,78.9858,0.0460951,98.945,1.42368,74.5429,0.00288987
"tonge",27,5.82408,0.19272,57.9218,0.000503063,57.8622,0.000365973,60,0.00262594,54,8.10623e-06,33,5.00679e-06,42,1.69277e-05,62.0962,0.051924,82.6427,0.916838,58.2408,0.00259089
"tonge",28,7.72102,0.190008,78.2026,0.000366926,77.186,0.00019598,77,0.00295401,74,8.82149e-06,55,5.96046e-06,57,1.81198e-05,83.6412,0.045984,111.841,1.26049,77.2102,0.0032959
"tonge",29,7.90229,0.195162,78.3349,0.000449896,77.3464,0.000269175,77,0.00327802,100,8.10623e-06,100,5.00679e-06,54,1.81198e-05,82.5703,0.0385139,99.839,1.19287,79.0229,0.00306702
"tonge",30,7.88098,0.195694,80.6504,0.000334978,78.7058,0.000190973,78,0.00259304,75,7.86781e-06,75,5.00679e-06,50,1.71661e-05,85.0898,0.039607,102.838,0.822232,78.8098,0.00276494
"tonge",31,6.9121,0.197807,68.7759,0.000365019,68.633,0.000203133,68,0.00279713,63,9.05991e-06,56,5.96046e-06,49,1.90735e-05,74.5589,0.0438299,94.2717,1.14015,69.121,0.00310302
"tonge",32,10.0254,0.192473,103.013,0.000504971,100.026,0.000335932,95,0.00300694,91,8.10623e-06,91,5.96046e-06,70,1.81198e-05,103.486,0.0453782,122.63,1.42878,100.254,0.00324106
"tonge",33,6.79509,0.211306,69.6925,0.000354052,67.7505,0.000205994,69,0.00263286,71,7.86781e-06,71,5.96046e-06,44,1.81198e-05,74.396,0.0480399,103.411,1.40574,67.9509,0.00275993
"tonge",34,8.67323,0.195623,90.9879,0.000444889,86.4976,0.000269175,87,0.0030241,121,9.05991e-06,121,7.15256e-06,68,1.78814e-05,93.3745,0.048218,118.053,0.866527,86.7323,0.00314498
"tonge",35,6.58538,0.20515,65.7109,0.000252962,65.486,0.000120878,67,0.00246787,60,7.86781e-06,55,5.00679e-06,43,1.78814e-05,70.196,0.0367289,92.0908,1.16842,65.8538,0.00313497
"tonge",36,6.87308,0.193845,69.368,0.00041008,68.5766,0.000255108,65,0.00291491,73,9.05991e-06,73,5.00679e-06,44,1.81198e-05,73.2565,0.0394652,111.245,1.49148,68.7308,0.00302815
"tonge",37,8.56008,0.206697,86.4702,0.000390053,85.529,0.000231028,83,0.00281191,81,7.86781e-06,64,5.00679e-06,47,1.78814e-05,89.1381,0.038101,111.256,0.999638,85.6008,0.00312901
"tonge",38,7.94757,0.200973,79.5089,0.000495195,78.8897,0.000355005,79,0.00255585,73,8.10623e-06,63,5.96046e-06,52,1.81198e-05,83.2124,0.0526502,105.554,1.12333,79.4757,0.00296307
"tonge",39,8.768,0.192382,87.9591,0.000394821,87.3119,0.000221014,87,0.00303507,81,1.00136e-05,59,8.10623e-06,58,1.78814e-05,92.9928,0.0499771,117.053,1.05063,87.68,0.00320101
"tonge",40,6.65971,0.202419,67.0619,0.000345945,65.9113,0.000178814,67,0.00311017,62,7.86781e-06,51,5.96046e-06,48,1.78814e-05,70.8233,0.0405262,94.975,1.01492,66.5971,0.003263
"tonge",41,0.711003,0.528007,12.2982,0.00040102,11.9609,0.000347137,13,0.00120401,11,1.00136e-05,9,5.00679e-06,8,1.78814e-05,12.7055,0.425258,17.0416,2.90099,12.087,0.00675607
"tonge",42,0.917014,0.498321,16.4572,0.000320196,15.5451,0.000260115,16,0.00131392,19,9.05991e-06,19,5.00679e-06,11,1.78814e-05,16.2061,0.415393,19.4074,2.52272,15.5892,0.006387
"tonge",43,0.873338,0.475369,14.8702,0.000359058,14.5528,0.000300169,15,0.00138092,19,9.05991e-06,19,5.00679e-06,11,1.78814e-05,15.3334,0.526299,19.5583,2.51823,14.8467,0.0060029
"tonge",44,0.971444,0.500888,16.8581,0.000377178,16.5006,0.000315905,17,0.00132418,18,9.05991e-06,18,5.96046e-06,12,1.78814e-05,16.9472,0.516963,20.5262,2.49049,16.5146,0.00679898
"tonge",45,0.948689,0.477925,16.1953,0.000302076,16.109,0.000245094,17,0.00123692,15,8.10623e-06,12,5.96046e-06,12,1.78814e-05,16.6524,0.529091,19.8963,3.23498,16.1277,0.00675011
"tonge",46,1.04591,0.51234,18.8533,0.000591993,17.5002,0.000466108,8,0.00140405,29,8.10623e-06,29,6.19888e-06,12,1.78814e-05,18.136,0.529391,21.6669,2.57703,17.7805,0.00654411
"tonge",47,0.875227,0.529083,15.0353,0.000560045,14.7809,0.000497103,8,0.00145102,17,8.10623e-06,17,6.19888e-06,11,1.78814e-05,15.4247,0.450445,19.1548,2.5894,14.8789,0.00634003
"tonge",48,0.932621,0.476478,16.2394,0.000637054,15.805,0.000577927,8,0.001369,14,9.05991e-06,13,5.00679e-06,11,1.78814e-05,16.5667,0.477607,20.7247,2.88161,15.8546,0.00725317
"tonge",49,1.05303,0.458551,18.3896,0.00050807,17.3557,0.000432968,18,0.00130296,25,7.86781e-06,25,5.96046e-06,13,1.78814e-05,18.4708,0.418059,21.9886,2.73293,17.9014,0.00727415
"tonge",50,0.844265,0.49571,14.578,0.00032711,14.2915,0.000266075,15,0.00133204,15,7.86781e-06,15,5.96046e-06,11,1.81198e-05,14.8393,0.502303,18.8497,2.74854,14.3525,0.00616407
"tonge",51,1.00357,0.462933,17.98,0.000510931,16.9488,0.000426054,18,0.00138879,24,9.05991e-06,24,5.96046e-06,12,1.90735e-05,17.477,0.254911,22.0564,1.97908,17.0608,0.00538802
"tonge",52,1.3542,0.530652,24.1363,0.000692129,22.964,0.000639915,21,0.00156093,43,9.05991e-06,43,5.96046e-06,16,1.90735e-05,23.4427,0.678399,27.1229,2.07112,23.0215,0.00534987
"tonge",53,0.830853,0.470631,14.8398,0.000304937,13.9568,0.000236988,8,0.00149512,20,1.00136e-05,20,5.96046e-06,10,1.78814e-05,14.6875,0.182923,19.2702,2.07678,14.1245,0.00555897
"tonge",54,1.00048,0.465734,17.0082,0.000433922,16.7783,0.000363827,17,0.00145912,30,1.00136e-05,30,5.96046e-06,12,2.00272e-05,17.4599,0.24133,21.0511,1.40271,17.0082,0.00564098
"tonge",55,1.05993,0.469797,18.6977,0.000360012,17.9003,0.000287056,19,0.00147581,22,9.05991e-06,22,5.96046e-06,14,1.90735e-05,18.7373,0.244333,23.2574,1.71531,18.0187,0.00544405
"tonge",56,1.1141,0.462955,20.3079,0.00048089,18.5948,0.000419855,20,0.00132084,24,8.82149e-06,24,5.96046e-06,15,1.88351e-05,19.3365,0.360371,23.1958,1.87081,18.9397,0.00562978
"tonge",57,1.02657,0.449967,17.9953,0.00075984,17.1979,0.000669003,18,0.00155306,30,8.82149e-06,30,5.96046e-06,12,1.81198e-05,18.2262,0.846349,23.3478,1.63853,17.4517,0.00532103
"tonge",58,1.11875,0.497347,20.2751,0.000594854,18.9467,0.000506878,19,0.00168896,28,8.82149e-06,28,5.96046e-06,13,2.00272e-05,19.4564,0.531087,23.6122,2.04061,19.0188,0.00570989
"tonge",59,1.00757,0.481336,17.4939,0.000463963,17.0668,0.000400782,19,0.0013721,19,9.05991e-06,19,5.96046e-06,13,1.78814e-05,17.7212,0.232274,23.6857,1.97622,17.1287,0.00527215
"tonge",60,1.01599,0.496759,16.856,0.000637054,15.8645,0.000564814,15,0.00145984,31,8.82149e-06,31,5.00679e-06,11,1.78814e-05,17.7499,0.222278,21.7849,1.65351,17.2717,0.00512004
"tonge",61,1.68003,0.462745,29.4661,0.000396967,28.1127,0.000302076,29,0.00185013,45,7.86781e-06,45,5.96046e-06,21,1.81198e-05,29.7007,0.444917,36.0061,2.52643,28.5605,0.00716591
"tonge",62,1.78879,0.466155,30.4459,0.000826836,29.6496,0.000710011,31,0.00189495,51,8.82149e-06,51,5.96046e-06,21,1.81198e-05,31.7078,0.409322,39.5009,3.28755,30.4094,0.00756717
"tonge",63,1.58261,0.469948,27.8642,0.000591993,25.9324,0.000497103,28,0.00200605,42,8.82149e-06,42,7.15256e-06,19,2.00272e-05,27.7199,0.47125,35.3159,2.61337,26.9043,0.00633717
"tonge",64,1.8541,0.502849,33.9813,0.000463009,31.2572,0.000317812,31,0.00286889,97,9.05991e-06,97,5.96046e-06,25,1.81198e-05,32.3857,0.439049,41.4657,2.30923,31.5196,0.00656509
"tonge",65,1.92543,0.465475,33.5315,0.000529051,32.3507,0.000452995,35,0.00168204,34,7.86781e-06,34,5.96046e-06,21,1.78814e-05,33.4462,0.365883,39.6911,3.27342,32.7324,0.00635195
"tonge",66,1.88963,0.48568,33.2228,0.00178409,31.8963,0.00170898,33,0.00182414,34,7.86781e-06,34,5.96046e-06,24,1.81198e-05,33.0224,0.445247,42.522,2.8041,32.1238,0.00697899
"tonge",67,1.45935,0.481293,26.6088,0.000401974,24.7545,0.000334978,26,0.00159097,38,7.86781e-06,38,5.96046e-06,18,1.90735e-05,26.5656,0.384589,33.2496,2.99765,24.8089,0.00678992
"tonge",68,1.50278,0.497829,26.916,0.000426054,25.3315,0.00033617,28,0.00181413,34,9.05991e-06,34,5.96046e-06,19,1.78814e-05,27.2255,0.454139,35.3461,2.34325,25.5472,0.00740099
"tonge",69,1.64338,0.478876,29.5396,0.000667095,27.8085,0.000648022,28,0.00157595,26,9.05991e-06,26,6.19888e-06,18,1.78814e-05,28.9387,0.440261,34.7734,2.65215,27.9375,0.00651312
"tonge",70,1.95002,0.47878,33.7657,0.000368118,32.5522,0.000281096,34,0.00167894,54,9.05991e-06,54,5.96046e-06,23,1.78814e-05,33.9452,0.442199,41.1929,2.65112,33.1503,0.00623298
"tonge",71,1.40894,0.475783,24.5367,0.000385046,23.7467,0.000306845,27,0.00158906,22,7.86781e-06,22,5.96046e-06,17,1.81198e-05,25.3669,0.55934,35.0004,3.07818,23.952,0.00593209
"tonge",72,1.67279,0.492279,28.9299,0.000466108,28.0389,0.000392914,29,0.0017159,32,9.05991e-06,32,7.15256e-06,21,1.78814e-05,29.0107,0.44613,35.2574,1.76202,28.4374,0.0062089
"tonge",73,2.00493,0.463397,37.625,0.000540018,33.5283,0.000507832,33,0.00191808,56,8.82149e-06,56,5.96046e-06,25,1.81198e-05,35.0232,0.492506,42.0681,2.50377,34.0839,0.00614381
"tonge",74,1.94176,0.4686,34.312,0.00060606,32.2967,0.00045085,33,0.00184798,49,7.86781e-06,49,5.96046e-06,23,1.81198e-05,33.8757,0.526404,39.3869,2.87523,33.0099,0.00631809
"tonge",75,1.68101,0.479985,28.8844,0.000573158,28.3893,0.000473022,30,0.00201607,26,8.10623e-06,26,5.96046e-06,20,1.88351e-05,29.83,0.421724,36.8626,2.73839,28.5771,0.0064528
"tonge",76,1.62845,0.493321,28.5427,0.000663996,27.1309,0.000576019,29,0.00169206,30,9.05991e-06,30,6.19888e-06,18,1.88351e-05,28.2964,0.398292,37.2957,2.14997,27.6837,0.00668597
"tonge",77,1.7173,0.540588,32.9493,0.000521898,29.0664,0.000427961,30,0.00168896,38,9.05991e-06,38,5.96046e-06,20,1.81198e-05,30.5738,0.500539,36.5784,3.0047,29.1941,0.00674605
"tonge",78,1.67981,0.490117,29.4988,0.000611067,28.1437,0.00049305,29,0.00184417,40,7.86781e-06,40,5.96046e-06,21,1.81198e-05,29.9862,0.40206,37.9189,2.41983,28.5568,0.00629687
"tonge",79,1.74235,0.506355,29.5799,0.00039506,29.34,0.00029707,31,0.00188804,28,8.82149e-06,27,5.96046e-06,22,1.81198e-05,30.7013,0.426572,38.5025,2.29164,29.6199,0.00659204
"tonge",80,1.61929,0.494607,30.5743,0.000449181,27.451,0.000351906,29,0.00191712,46,8.10623e-06,46,6.19888e-06,17,1.78814e-05,28.2466,0.431614,34.8001,2.46409,27.528,0.00636411
